SNP,CHR,POS,REF,ALT,Line01,Line02,Line03,Line04,Line05,Line06,Line07,Line08,Line09,Line10,Line11,Line12,Line13,Line14,Line15,Line16,Line17,Line18,Line19,Line20,Line21,Line22,Line23,Line24,Line25,Line26,Line27,Line28,Line29,Line30,Line31,Line32,Line33,Line34,Line35,Line36,Line37,Line38,Line39,Line40,Line41,Line42,Line43,Line44,Line45,Line46,Line47,Line48,Line49,Line50
SNP001,1,10000,A,T,1,0,1,0,1,1,0,0,0,0,0,0,0,1,NA,0,1,1,0,0,1,1,1,0,0,1,0,0,NA,0,1,0,1,0,0,0,0,0,0,0,1,0,2,1,1,1,1,1,0,2
SNP002,1,20000,A,T,0,1,1,1,0,0,NA,0,0,0,0,0,0,1,2,1,1,1,1,1,2,NA,1,1,0,1,1,0,0,0,1,0,1,1,0,0,1,0,0,0,1,0,0,1,0,0,0,1,1,0
SNP003,1,30000,A,G,0,0,1,0,1,0,0,0,0,0,0,1,2,1,1,1,0,1,NA,0,1,2,1,0,0,1,1,0,0,0,1,0,1,0,1,0,0,0,1,1,1,0,0,1,2,NA,0,NA,1,0
SNP004,1,40000,A,G,1,1,1,0,0,NA,0,0,1,0,0,1,0,1,1,0,0,1,1,0,1,NA,1,1,0,1,0,2,NA,0,1,1,1,NA,0,0,0,0,NA,0,1,0,1,1,NA,0,0,1,0,0
SNP005,1,50000,C,G,0,0,1,0,1,0,1,0,0,0,0,1,0,1,1,0,0,1,1,0,2,1,1,0,NA,1,0,1,0,NA,1,0,NA,1,0,0,0,1,0,0,2,0,2,1,2,0,1,1,NA,1
SNP006,1,60000,T,C,0,0,1,0,0,0,1,0,0,0,1,0,1,1,1,0,1,0,1,0,1,1,2,0,0,1,0,0,0,NA,2,1,NA,0,0,0,1,0,1,0,1,0,1,NA,1,0,1,1,0,0
SNP007,1,70000,C,A,0,0,1,0,0,0,0,0,0,0,0,NA,0,NA,1,0,0,1,1,0,NA,NA,1,1,1,1,1,0,0,0,1,0,1,0,0,0,0,0,0,0,1,0,NA,1,1,0,0,1,0,0
SNP008,1,80000,C,A,0,0,0,0,0,NA,1,0,0,0,0,1,1,1,1,0,0,1,1,0,1,1,2,0,1,1,1,0,0,0,1,0,1,0,0,0,0,0,0,1,1,0,1,1,1,1,0,1,0,0
SNP009,1,90000,A,G,NA,1,2,1,1,0,1,0,0,1,1,2,2,0,2,0,0,0,0,0,1,0,1,1,2,0,2,1,0,0,2,1,2,0,0,2,NA,1,2,2,1,1,1,2,2,2,1,1,0,1
SNP010,1,100000,T,C,1,0,1,0,NA,1,0,1,2,2,0,0,0,1,NA,1,0,1,1,1,0,1,0,1,1,0,0,0,0,0,0,0,1,2,0,1,1,0,2,0,0,1,NA,0,2,2,1,1,1,0
SNP011,1,110000,G,T,1,0,1,2,2,1,1,NA,2,1,2,1,0,0,2,0,2,1,1,1,1,1,NA,1,1,1,0,1,1,1,1,0,1,0,NA,2,1,1,NA,0,0,1,NA,1,0,0,1,1,1,0
SNP012,1,120000,T,G,0,0,2,0,0,1,NA,1,NA,0,0,0,0,1,0,1,0,0,2,1,1,0,0,2,0,0,NA,1,1,1,1,NA,0,0,1,0,1,1,0,1,1,1,1,0,0,NA,2,1,1,1
SNP013,1,130000,G,A,0,1,1,1,0,1,0,1,0,0,0,0,0,0,0,1,0,0,1,0,1,0,NA,1,0,0,0,0,1,0,1,0,0,0,1,0,0,0,2,0,1,0,0,1,0,0,1,1,0,0
SNP014,1,140000,T,A,0,0,0,1,0,1,1,1,0,1,0,1,0,0,0,1,1,1,1,0,0,0,0,1,1,1,1,2,1,0,0,0,0,1,1,1,1,1,0,0,1,1,0,2,0,2,1,1,1,1
SNP015,1,150000,A,G,0,0,0,NA,NA,1,1,1,0,0,1,1,0,0,0,2,1,0,1,0,0,0,0,0,0,0,0,0,1,1,1,1,1,2,0,0,0,1,1,0,1,0,0,1,0,NA,1,NA,1,0
SNP016,1,160000,A,G,1,1,0,1,0,1,0,0,1,0,0,0,0,2,1,1,0,1,NA,1,0,1,0,0,2,0,2,1,2,0,1,0,0,1,0,0,0,0,0,0,2,1,1,1,2,1,1,1,1,0
SNP017,1,170000,C,G,0,0,0,0,0,1,0,2,0,0,1,0,0,1,0,1,0,0,1,1,1,1,0,1,0,0,0,0,2,0,1,0,0,0,1,1,2,2,1,0,1,0,1,1,1,NA,NA,1,1,0
SNP018,1,180000,T,C,0,0,0,0,2,1,1,1,0,0,2,0,0,0,0,1,0,0,1,1,0,1,0,1,1,0,1,1,1,0,1,1,0,0,2,1,2,1,0,0,2,1,0,NA,NA,0,NA,1,0,1
SNP019,1,190000,C,G,2,1,0,1,0,2,NA,0,0,1,0,NA,2,1,0,2,1,1,0,2,1,0,1,1,1,1,1,0,1,0,0,0,2,NA,1,1,2,0,1,1,0,0,0,2,0,1,0,2,1,0
SNP020,1,200000,C,T,0,0,1,1,0,0,1,0,0,2,1,0,0,1,1,NA,1,0,1,1,2,1,2,1,0,2,2,1,1,1,1,1,1,2,0,0,0,1,0,0,2,1,2,0,NA,0,0,1,1,2
SNP021,2,10000,G,C,0,1,1,1,1,1,1,1,1,2,1,1,2,1,1,0,1,1,1,2,2,NA,2,1,2,0,2,1,0,0,1,1,0,2,2,1,0,1,1,1,2,0,0,1,0,1,2,0,1,0
SNP022,2,20000,G,A,0,0,1,NA,2,1,0,0,2,0,0,1,2,0,1,0,1,0,0,NA,0,1,1,NA,1,1,0,2,2,0,1,0,1,1,1,2,0,1,0,1,0,2,0,0,2,2,0,2,1,0
SNP023,2,30000,A,G,NA,0,0,0,1,0,1,0,1,NA,1,0,0,2,1,1,0,1,0,0,0,1,1,0,2,0,NA,0,2,1,0,1,0,0,1,0,1,0,0,1,0,1,0,1,1,1,1,1,1,1
SNP024,2,40000,A,T,0,0,0,1,1,NA,1,0,1,0,1,0,0,1,0,1,0,1,1,0,0,1,0,0,1,0,1,1,1,1,1,1,0,0,1,0,2,0,1,1,0,0,0,2,1,0,NA,1,1,1
SNP025,2,50000,G,C,0,1,0,0,1,NA,1,0,1,0,1,0,0,1,0,1,1,1,0,1,0,1,0,0,NA,0,NA,1,1,1,0,1,NA,0,1,0,1,0,1,2,1,1,0,1,1,0,0,1,0,1
SNP026,2,60000,T,C,0,0,0,0,2,0,NA,1,1,1,1,1,0,1,1,2,0,1,1,0,0,1,0,0,1,NA,1,1,1,1,0,1,1,1,2,1,NA,0,0,2,1,0,0,1,1,0,NA,1,1,1
SNP027,2,70000,A,G,1,0,0,0,1,0,1,0,1,0,NA,1,0,1,1,1,0,1,0,0,0,1,0,0,1,0,1,1,1,1,0,1,1,0,1,0,1,0,0,1,2,0,1,1,2,0,1,1,1,1
SNP028,2,80000,G,A,0,0,0,1,0,0,1,1,1,0,1,0,0,1,1,1,0,1,0,0,1,1,0,0,0,1,1,1,NA,1,1,1,0,1,1,1,2,0,0,1,0,0,1,2,1,2,0,1,1,1
SNP029,2,90000,A,C,0,0,0,0,1,0,2,0,NA,1,1,0,0,1,0,1,0,1,1,1,0,2,0,0,1,0,1,NA,1,1,0,1,0,0,1,1,1,0,0,1,0,0,0,1,1,0,0,2,1,1
SNP030,2,100000,A,C,0,1,0,0,1,0,1,1,1,NA,0,1,0,1,1,1,1,1,0,0,0,1,0,0,1,0,1,1,1,2,0,1,0,0,1,0,0,0,0,1,0,0,0,NA,1,0,0,1,1,1
SNP031,2,110000,T,G,0,1,0,1,2,1,2,0,2,1,1,1,1,2,2,1,1,0,0,0,1,2,0,0,0,1,NA,1,2,1,2,0,1,0,0,0,1,1,1,NA,1,1,2,2,1,1,0,2,0,0
SNP032,2,120000,C,A,0,0,1,0,1,0,0,2,1,2,NA,1,0,0,1,1,0,0,0,2,0,1,0,0,0,2,1,2,1,1,0,2,1,1,1,NA,1,0,1,1,0,2,0,1,2,1,2,2,2,NA
SNP033,2,130000,T,C,1,1,NA,0,1,2,0,1,0,0,0,1,0,NA,2,NA,0,1,1,1,2,2,1,1,1,0,1,2,2,0,0,0,1,0,0,1,0,0,1,0,0,2,0,0,0,2,1,0,0,1
SNP034,2,140000,T,A,2,0,2,1,0,1,0,2,1,2,1,0,0,0,1,1,2,0,1,1,1,1,0,0,2,0,1,0,0,0,0,1,NA,0,1,0,1,0,1,1,0,1,1,0,0,1,1,0,2,1
SNP035,2,150000,G,A,2,1,0,1,1,2,2,NA,2,1,2,1,1,1,1,0,0,1,1,1,1,1,0,2,0,0,1,0,0,0,2,1,0,2,2,0,2,2,2,1,2,1,1,0,1,2,0,2,1,1
SNP036,2,160000,C,A,1,1,1,0,1,0,1,1,0,1,0,0,0,2,0,0,0,1,2,2,1,0,1,2,0,1,0,1,1,1,2,2,NA,0,1,0,0,1,1,0,0,1,NA,0,1,0,1,1,1,0
SNP037,2,170000,A,T,0,1,1,2,1,0,1,1,1,1,1,0,0,2,0,0,0,0,1,2,0,1,2,1,1,0,0,0,0,0,0,1,0,2,0,2,0,0,1,0,1,2,0,2,2,1,1,1,0,1
SNP038,2,180000,C,T,2,0,0,1,2,2,1,1,0,2,2,0,0,NA,0,0,0,1,0,1,0,0,0,2,2,1,NA,2,0,1,0,1,1,2,0,1,1,1,0,1,0,2,1,2,0,2,2,1,0,0
SNP039,2,190000,T,A,0,0,0,1,0,1,1,0,1,0,1,1,0,2,1,2,1,2,0,0,2,0,0,1,1,0,0,2,0,1,1,0,1,0,1,2,2,1,1,NA,0,0,1,0,2,1,NA,NA,0,0
SNP040,2,200000,C,A,0,0,1,1,1,1,0,1,0,2,0,2,0,NA,2,2,1,0,1,0,2,0,NA,1,0,0,2,1,1,1,2,1,1,0,1,1,1,1,1,1,2,0,NA,1,1,2,0,0,1,0
